Workbook

Sheet Irrigation
M1: Technical Form No.GSDA/IRR/DW/2025 | R1: Select Sr.No. -> | S1: 1
A2: Irrigation Dug well Inventory form
A3: 1 | B3: Name of Geologist | H3: 2 | I3: Designation
A4: 3 | B4: Date of Inventory (DD/MM/YY) | F4: 4 | G4: Time (24 Hrs format) | J4: 5 | K4: Project/Assignment for which Inventory is being done
A5: A | B5: Well Location details
A6: 1 | B6: Well No. (Sequence No. in the 10K sheet) | F6: 2 | G6: Type of well (DW/DCB) | K6: 3 | L6: Altitude (m.MSL) | N6: GL | P6: MP | Q6: =O6+P19
A7: 4 | B7: Owner's Name and Address | G7: PWS WELL GP Karjal
A8: 5 | B8: Village Name | F8: 6 | G8: G.P. Name | K8: 7 | L8: Village Census No.
A9: 8 | B9: Taluka Name | F9: 9 | G9: District Name | K9: 10 | L9: Mini Watershed No.
A10: 11 | B10: SOI Toposheet No. | F10: 12 | G10: 10 K Sheet No. | K10: 13 | L10: Quadrant No.of 10K Sheet (EX-A1)
A11: 14 | B11: Latitude (DD) | F11: 15 | G11: Longitude (DD)
B12: Latitude (DMS) | C12: =INT(C11) | D12: =INT((C11-INT(C11))*60) | E12: =((C11-INT(C11))*60-INT((C11-INT(C11))*60))*60 | G12: Longitude (DMS) | H12: =INT(H11) | I12: =INT((H11-INT(H11))*60) | J12: =((H11-INT(H11))*60-INT((H11-INT(H11))*60))*60 | K12: 16 | L12: Gat/Survey No.
A13: 17 | B13: Well ID (Census no+Lat+long+type of well | G13: =O8&C11&H11&H6
A14: 18 | B14: Whether the well is located in command area of any surface water reservoir (projects) (if yes mention the following details)
B15: Name of the Reservour (project) | J15: Type (major/medium/mionr/PT)
B16: Distance and Direction of reservoir from the well | J16: Name of the nearest Canal of the project
B17: Distance and Direction of the Canal from the well | J17: Nature of operartion of Canal (Seasonal/perennial)
A18: B | B18: Well Dimensions :
A19: 1 | B19: Measurement point (MP) (e.g. on GL/Parapet due N40 | K19: 2 | L19: Height of Parapet (m.bgl)
A20: 3 | B20: Inner Diameter of Dug Well (DW) in m. | H20: Top | K20: Bottom | O20: Effective
A21: 4 | B21: Lining/Curbing Material (Brick/RCC/Stone pitching | K21: 5 | L21: Depth of Lining (m.bgl)
A22: 6 | B22: Condition of Well and Lining | K22: 7 | L22: Year of Construction
A23: 8 | B23: Depth of Dug Well (DW) m.bgl | H23: 9 | I23: Depth of Inwell Borehole from bottom of well (m) | P23: -
A24: 10 | B24: Total Depth of Dug Cum Borewell (=Depth of DW+Depth of Inwell Borehole) if Applicable (in m.bgl) | P24: -
A25: C | B25: Groundwater level and Pumping details
A26: 1 | B26: Pump type (Monoblock/Open well submersible) | J26: 2 | K26: Mode of Power (Electric/Solar)
A27: 3 | B27: HP of pump | F27: 4 | G27: Pump Setting | H27: Winter | J27: =F23 | L27: m.bgl | M27: Summer | O27: =F23 | Q27: m.bgl
A28: 5 | B28: Depth of pump inlet | H28: Winter | J28: =F23 | L28: m.bgl | M28: Summer | O28: =F23 | Q28: m.bgl
A29: 6 | B29: Diameter of Pipe(mm) | D29: Suction pipe | G29: 50.5 | H29: Delivery pipe | K29: 63.5 | M29: Delivery pipe material | P29: HDPE
A30: 7 | B30: Pump discharge (m3/hour) | H30: Method Used For Discharge measurement | O30: Adhoc
A31: 8 | B31: Depth to Pumped groundwater level (DWL) | H31: m.bgl | I31: mention depth to groundwater level at the time of measurment)
A32: 9 | B32: Depth to Static groundwater level (SWL) (Reported R for previous season) | G32: Winter | I32: m.bgl | J32: Summer | M32: m.bgl | N32: Annual Water Level fluctuation (m) | Q32: =L32-H32
A33: 10 | B33: Depth to Pumped groundwater level (PWL) | G33: Winter | I33: m.bgl | J33: summer | M33: m.bgl | N33: (DWL just before pumping stopped) mention R if reported (e.g.10 (R))
A34: 11 | B34: Drawdown (D/D) (PWL - SWL) | G34: Winter | J34: m. | L34: Summer | P34: m.
A35: 12 | B35: Duration of Pumping | G35: Winter | J35: Hrs | L35: Summer | P35: Hrs
A36: 13 | B36: Quantity of water pumped | G36: Winter | J36: M3 | L36: Summer | P36: m3
A37: 14 | B37: Volume of water Pumped from Storage | G37: Winter | J37: M3 | L37: Summer | P37: m3
A38: 15 | B38: Avg. Rate of Inflow during pumping | G38: Winter | J38: M3/Hr | L38: Summer | P38: M3/Hr
A39: 16 | B39: Time required for complete recuperation | G39: Winter | J39: Hrs | L39: Summer | P39: Hrs
A40: D | B40: Well Performance
B41: Seasons | G41: Pump Discharge | H41: Pumping Hrs/Day | J41: Operating Days | L41: GW applied (M3) | N41: GW applied (Ham)
A42: 1 | G42: 2 | H42: 3 | J42: 4 | L42: 5 | N42: 6
A43: 1 | B43: Khariff season (Mid June - Sept) | G43: =IFERROR(VLOOKUP($S$1, 'All Collected Data'!$A$2:$CR$500, 42, FALSE), "") | H43: =IFERROR(VLOOKUP($S$1, 'All Collected Data'!$A$2:$CR$500, 44, FALSE), "") | J43: =IFERROR(VLOOKUP($S$1, 'All Collected Data'!$A$2:$CR$500, 75, FALSE), "") | L43: =ROUND(G43*H43*J43, 2) | N43: =ROUND(L43/10000, 4)
A44: 2 | B44: Rabbi (October-Dec) | G44: =IFERROR(VLOOKUP($S$1, 'All Collected Data'!$A$2:$CR$500, 42, FALSE), "") | H44: =IFERROR(VLOOKUP($S$1, calc!$A$2:$CR$500, 35, FALSE), "") | J44: =ROUND(IFERROR(VLOOKUP($S$1, 'All Collected Data'!$A$2:$CR$500, 76, FALSE)/2, 0), 0) | L44: =ROUND(G44*H44*J44, 2) | N44: =ROUND(L44/10000, 4)
A45: 3 | B45: Rabbi (Jan-March) | G45: =IFERROR(VLOOKUP($S$1, 'All Collected Data'!$A$2:$CR$500, 42, FALSE), "") | H45: =IFERROR(VLOOKUP($S$1, calc!$A$2:$CR$500, 35, FALSE), "") | J45: =ROUND(IFERROR(VLOOKUP($S$1, 'All Collected Data'!$A$2:$CR$500, 76, FALSE)/2, 0), 0) | L45: =ROUND(G45*H45*J45, 2) | N45: =ROUND(L45/10000, 4)
A46: 4 | B46: Summer (April-Mid June) | G46: =IFERROR(VLOOKUP($S$1, 'All Collected Data'!$A$2:$CR$500, 42, FALSE), "") | H46: =IFERROR(VLOOKUP($S$1, calc!$A$2:$CR$500, 36, FALSE), "") | J46: =IFERROR(VLOOKUP($S$1, 'All Collected Data'!$A$2:$CR$500, 77, FALSE), "") | L46: =ROUND(G46*H46*J46, 2) | N46: =ROUND(L46/10000, 4)
J47: =SUM(J43:J46) | L47: =SUM(L43:L46) | N47: =ROUND(L47/10000, 4)
A48: E | B48: Cropping, Irrigation and water Application
A49: 1 | B49: Total land holding at well site (in Ha) | I49: Ha
A50: 2 | B50: Season Wise Crops | C50: Cultivated Area (Ha) | D50: GW Irrigated Area (Ha) | H50: No. of Waterings Applied | J50: Depth of Waterings Applied (m.) | L50: GW Apllied (Ham) | P50: Days Required for One Watering
D51: Flood | E51: Sprinkler | G51: Drip | L51: Flood | M51: Sprinkler | N51: Drip | O51: Total
A52: 1 | C52: 2 | D52: 3 | E52: 4 | H52: 6 | J52: 7 | L52: 8 | M52: 9 | N52: 10 | O52: 11 | P52: 12
A53: 2a | B53: Khariff Season (Mid June-Sept) (Khariff and Perennial Crops)
A54: P | B54: =IFERROR(VLOOKUP($S$1, calc!$A$2:$EJ$500, 68, FALSE), "") | C54: =IF(SUM(D54,E54,G54)=0,"",SUM(D54,E54,G54)) | D54: =IFERROR(VLOOKUP($S$1, calc!$A$2:$EJ$500, 70, FALSE), "") | E54: =IFERROR(VLOOKUP($S$1, calc!$A$2:$EJ$500, 72, FALSE), "") | G54: =IFERROR(VLOOKUP($S$1, calc!$A$2:$EJ$500, 74, FALSE), "") | H54: =IFERROR(VLOOKUP($S$1, calc!$A$2:$EJ$500, 97, FALSE), "") | J54: =IFERROR(VLOOKUP($S$1, calc!$A$2:$EJ$500, 98, FALSE), "") | L54: =IF(OR(D54="",H54="",J54=""), "", ROUND(D54*J54*H54, 4)) | M54: =IF(OR(E54="",H54="",J54=""), "", ROUND(E54*J54*H54*0.75, 4)) | N54: =IF(OR(G54="",H54="",J54=""), "", ROUND(G54*J54*H54*0.65, 4)) | O54: =IFERROR(SUM(L54:N54), "")
A55: P | B55: =IFERROR(VLOOKUP($S$1, calc!$A$2:$EJ$500, 69, FALSE), "") | C55: =IF(SUM(D55,E55,G55)=0,"",SUM(D55,E55,G55)) | D55: =IFERROR(VLOOKUP($S$1, calc!$A$2:$EJ$500, 71, FALSE), "") | E55: =IFERROR(VLOOKUP($S$1, calc!$A$2:$EJ$500, 73, FALSE), "") | G55: =IFERROR(VLOOKUP($S$1, calc!$A$2:$EJ$500, 75, FALSE), "") | H55: =IFERROR(VLOOKUP($S$1, calc!$A$2:$EJ$500, 99, FALSE), "") | J55: =IFERROR(VLOOKUP($S$1, calc!$A$2:$EJ$500, 100, FALSE), "") | L55: =IF(OR(D55="",H55="",J55=""), "", ROUND(D55*J55*H55, 4)) | M55: =IF(OR(E55="",H55="",J55=""), "", ROUND(E55*J55*H55*0.75, 4)) | N55: =IF(OR(G55="",H55="",J55=""), "", ROUND(G55*J55*H55*0.65, 4)) | O55: =IFERROR(SUM(L55:N55), "")
A56: 1 | B56: =IFERROR(VLOOKUP($S$1, calc!$A$2:$EJ$500, 44, FALSE), "") | C56: =IF(SUM(D56,E56,G56)=0,"",SUM(D56,E56,G56)) | D56: =IFERROR(VLOOKUP($S$1, calc!$A$2:$EJ$500, 47, FALSE), "") | E56: =IFERROR(VLOOKUP($S$1, calc!$A$2:$EJ$500, 50, FALSE), "") | G56: =IFERROR(VLOOKUP($S$1, calc!$A$2:$EJ$500, 53, FALSE), "") | H56: =IFERROR(VLOOKUP($S$1, calc!$A$2:$EJ$500, 101, FALSE), "") | J56: =IFERROR(VLOOKUP($S$1, calc!$A$2:$EJ$500, 102, FALSE), "") | L56: =IF(OR(D56="",H56="",J56=""), "", ROUND(D56*J56*H56, 4)) | M56: =IF(OR(E56="",H56="",J56=""), "", ROUND(E56*J56*H56*0.75, 4)) | N56: =IF(OR(G56="",H56="",J56=""), "", ROUND(G56*J56*H56*0.65, 4)) | O56: =IFERROR(SUM(L56:N56), "")
A57: 2 | B57: =IFERROR(VLOOKUP($S$1, calc!$A$2:$EJ$500, 45, FALSE), "") | C57: =IF(SUM(D57,E57,G57)=0,"",SUM(D57,E57,G57)) | D57: =IFERROR(VLOOKUP($S$1, calc!$A$2:$EJ$500, 48, FALSE), "") | E57: =IFERROR(VLOOKUP($S$1, calc!$A$2:$EJ$500, 51, FALSE), "") | G57: =IFERROR(VLOOKUP($S$1, calc!$A$2:$EJ$500, 54, FALSE), "") | H57: =IFERROR(VLOOKUP($S$1, calc!$A$2:$EJ$500, 103, FALSE), "") | J57: =IFERROR(VLOOKUP($S$1, calc!$A$2:$EJ$500, 104, FALSE), "") | L57: =IF(OR(D57="",H57="",J57=""), "", ROUND(D57*J57*H57, 4)) | M57: =IF(OR(E57="",H57="",J57=""), "", ROUND(E57*J57*H57*0.75, 4)) | N57: =IF(OR(G57="",H57="",J57=""), "", ROUND(G57*J57*H57*0.65, 4)) | O57: =IFERROR(SUM(L57:N57), "")
A58: 3 | B58: =IFERROR(VLOOKUP($S$1, calc!$A$2:$EJ$500, 46, FALSE), "") | C58: =IF(SUM(D58,E58,G58)=0,"",SUM(D58,E58,G58)) | D58: =IFERROR(VLOOKUP($S$1, calc!$A$2:$EJ$500, 49, FALSE), "") | E58: =IFERROR(VLOOKUP($S$1, calc!$A$2:$EJ$500, 52, FALSE), "") | G58: =IFERROR(VLOOKUP($S$1, calc!$A$2:$EJ$500, 55, FALSE), "") | H58: =IFERROR(VLOOKUP($S$1, calc!$A$2:$EJ$500, 105, FALSE), "") | J58: =IFERROR(VLOOKUP($S$1, calc!$A$2:$EJ$500, 106, FALSE), "") | L58: =IF(OR(D58="",H58="",J58=""), "", ROUND(D58*J58*H58, 4)) | M58: =IF(OR(E58="",H58="",J58=""), "", ROUND(E58*J58*H58*0.75, 4)) | N58: =IF(OR(G58="",H58="",J58=""), "", ROUND(G58*J58*H58*0.65, 4)) | O58: =IFERROR(SUM(L58:N58), "")
J59: TOTAL | L59: =SUM(L54:L58) | M59: =SUM(M54:M58) | N59: =SUM(N54:N58) | O59: =SUM(O54:O58) | P59: =IFERROR(VLOOKUP($S$1, 'All Collected Data'!$A$2:$CR$500, 75, FALSE), "") | R59: =SUM(R54:R58)
A60: 2b | B60: Rabbi season (Oct-March) (Rabbi and Perennial Crops)
A61: P | B61: =IFERROR(VLOOKUP($S$1, calc!$A$2:$EJ$500, 68, FALSE), "") | C61: =IF(SUM(D61,E61,G61)=0,"",SUM(D61,E61,G61)) | D61: =IFERROR(VLOOKUP($S$1, calc!$A$2:$EJ$500, 70, FALSE), "") | E61: =IFERROR(VLOOKUP($S$1, calc!$A$2:$EJ$500, 72, FALSE), "") | G61: =IFERROR(VLOOKUP($S$1, calc!$A$2:$EJ$500, 74, FALSE), "") | H61: =IFERROR(VLOOKUP($S$1, calc!$A$2:$EJ$500, 107, FALSE), "") | J61: =IFERROR(VLOOKUP($S$1, calc!$A$2:$EJ$500, 108, FALSE), "") | L61: =IF(OR(D61="",H61="",J61=""), "", ROUND(D61*J61*H61, 4)) | M61: =IF(OR(E61="",H61="",J61=""), "", ROUND(E61*J61*H61*0.75, 4)) | N61: =IF(OR(G61="",H61="",J61=""), "", ROUND(G61*J61*H61*0.65, 4)) | O61: =IFERROR(SUM(L61:N61), "")
A62: P | B62: =IFERROR(VLOOKUP($S$1, calc!$A$2:$EJ$500, 69, FALSE), "") | C62: =IF(SUM(D62,E62,G62)=0,"",SUM(D62,E62,G62)) | D62: =IFERROR(VLOOKUP($S$1, calc!$A$2:$EJ$500, 71, FALSE), "") | E62: =IFERROR(VLOOKUP($S$1, calc!$A$2:$EJ$500, 73, FALSE), "") | G62: =IFERROR(VLOOKUP($S$1, calc!$A$2:$EJ$500, 75, FALSE), "") | H62: =IFERROR(VLOOKUP($S$1, calc!$A$2:$EJ$500, 109, FALSE), "") | J62: =IFERROR(VLOOKUP($S$1, calc!$A$2:$EJ$500, 110, FALSE), "") | L62: =IF(OR(D62="",H62="",J62=""), "", ROUND(D62*J62*H62, 4)) | M62: =IF(OR(E62="",H62="",J62=""), "", ROUND(E62*J62*H62*0.75, 4)) | N62: =IF(OR(G62="",H62="",J62=""), "", ROUND(G62*J62*H62*0.65, 4)) | O62: =IFERROR(SUM(L62:N62), "")
A63: 1 | B63: =IFERROR(VLOOKUP($S$1, calc!$A$2:$EJ$500, 56, FALSE), "") | C63: =IF(SUM(D63,E63,G63)=0,"",SUM(D63,E63,G63)) | D63: =IFERROR(VLOOKUP($S$1, calc!$A$2:$EJ$500, 59, FALSE), "") | E63: =IFERROR(VLOOKUP($S$1, calc!$A$2:$EJ$500, 62, FALSE), "") | G63: =IFERROR(VLOOKUP($S$1, calc!$A$2:$EJ$500, 65, FALSE), "") | H63: =IFERROR(VLOOKUP($S$1, calc!$A$2:$EJ$500, 111, FALSE), "") | J63: =IFERROR(VLOOKUP($S$1, calc!$A$2:$EJ$500, 112, FALSE), "") | L63: =IF(OR(D63="",H63="",J63=""), "", ROUND(D63*J63*H63, 4)) | M63: =IF(OR(E63="",H63="",J63=""), "", ROUND(E63*J63*H63*0.75, 4)) | N63: =IF(OR(G63="",H63="",J63=""), "", ROUND(G63*J63*H63*0.65, 4)) | O63: =IFERROR(SUM(L63:N63), "")
A64: 2 | B64: =IFERROR(VLOOKUP($S$1, calc!$A$2:$EJ$500, 57, FALSE), "") | C64: =IF(SUM(D64,E64,G64)=0,"",SUM(D64,E64,G64)) | D64: =IFERROR(VLOOKUP($S$1, calc!$A$2:$EJ$500, 60, FALSE), "") | E64: =IFERROR(VLOOKUP($S$1, calc!$A$2:$EJ$500, 63, FALSE), "") | G64: =IFERROR(VLOOKUP($S$1, calc!$A$2:$EJ$500, 66, FALSE), "") | H64: =IFERROR(VLOOKUP($S$1, calc!$A$2:$EJ$500, 113, FALSE), "") | J64: =IFERROR(VLOOKUP($S$1, calc!$A$2:$EJ$500, 114, FALSE), "") | L64: =IF(OR(D64="",H64="",J64=""), "", ROUND(D64*J64*H64, 4)) | M64: =IF(OR(E64="",H64="",J64=""), "", ROUND(E64*J64*H64*0.75, 4)) | N64: =IF(OR(G64="",H64="",J64=""), "", ROUND(G64*J64*H64*0.65, 4)) | O64: =IFERROR(SUM(L64:N64), "")
A65: 3 | B65: =IFERROR(VLOOKUP($S$1, calc!$A$2:$EJ$500, 58, FALSE), "") | C65: =IF(SUM(D65,E65,G65)=0,"",SUM(D65,E65,G65)) | D65: =IFERROR(VLOOKUP($S$1, calc!$A$2:$EJ$500, 61, FALSE), "") | E65: =IFERROR(VLOOKUP($S$1, calc!$A$2:$EJ$500, 64, FALSE), "") | G65: =IFERROR(VLOOKUP($S$1, calc!$A$2:$EJ$500, 67, FALSE), "") | H65: =IFERROR(VLOOKUP($S$1, calc!$A$2:$EJ$500, 115, FALSE), "") | J65: =IFERROR(VLOOKUP($S$1, calc!$A$2:$EJ$500, 116, FALSE), "") | L65: =IF(OR(D65="",H65="",J65=""), "", ROUND(D65*J65*H65, 4)) | M65: =IF(OR(E65="",H65="",J65=""), "", ROUND(E65*J65*H65*0.75, 4)) | N65: =IF(OR(G65="",H65="",J65=""), "", ROUND(G65*J65*H65*0.65, 4)) | O65: =IFERROR(SUM(L65:N65), "")
J66: TOTAL | L66: =SUM(L61:L65) | M66: =SUM(M61:M65) | N66: =SUM(N61:N65) | O66: =SUM(O61:O65) | P66: =IFERROR(VLOOKUP($S$1, 'All Collected Data'!$A$2:$CR$500, 76, FALSE), "") | R66: =SUM(R61:R65)
A67: 2c | B67: Summer (April-Mid June)(Summer and Perennial Crops)
A68: P | B68: =IFERROR(VLOOKUP($S$1, calc!$A$2:$EJ$500, 68, FALSE), "") | C68: =IF(SUM(D68,E68,G68)=0,"",SUM(D68,E68,G68)) | D68: =IFERROR(VLOOKUP($S$1, calc!$A$2:$EJ$500, 70, FALSE), "") | E68: =IFERROR(VLOOKUP($S$1, calc!$A$2:$EJ$500, 72, FALSE), "") | G68: =IFERROR(VLOOKUP($S$1, calc!$A$2:$EJ$500, 74, FALSE), "") | H68: =IFERROR(VLOOKUP($S$1, calc!$A$2:$EJ$500, 117, FALSE), "") | J68: =IFERROR(VLOOKUP($S$1, calc!$A$2:$EJ$500, 118, FALSE), "") | L68: =IF(OR(D68="",H68="",J68=""), "", ROUND(D68*J68*H68, 4)) | M68: =IF(OR(E68="",H68="",J68=""), "", ROUND(E68*J68*H68*0.75, 4)) | N68: =IF(OR(G68="",H68="",J68=""), "", ROUND(G68*J68*H68*0.65, 4)) | O68: =IFERROR(SUM(L68:N68), "")
A69: P | B69: =IFERROR(VLOOKUP($S$1, calc!$A$2:$EJ$500, 69, FALSE), "") | C69: =IF(SUM(D69,E69,G69)=0,"",SUM(D69,E69,G69)) | D69: =IFERROR(VLOOKUP($S$1, calc!$A$2:$EJ$500, 71, FALSE), "") | E69: =IFERROR(VLOOKUP($S$1, calc!$A$2:$EJ$500, 73, FALSE), "") | G69: =IFERROR(VLOOKUP($S$1, calc!$A$2:$EJ$500, 75, FALSE), "") | H69: =IFERROR(VLOOKUP($S$1, calc!$A$2:$EJ$500, 119, FALSE), "") | J69: =IFERROR(VLOOKUP($S$1, calc!$A$2:$EJ$500, 120, FALSE), "") | L69: =IF(OR(D69="",H69="",J69=""), "", ROUND(D69*J69*H69, 4)) | M69: =IF(OR(E69="",H69="",J69=""), "", ROUND(E69*J69*H69*0.75, 4)) | N69: =IF(OR(G69="",H69="",J69=""), "", ROUND(G69*J69*H69*0.65, 4)) | O69: =IFERROR(SUM(L69:N69), "")
A70: 1 | B70: =IFERROR(VLOOKUP($S$1, calc!$A$2:$EJ$500, 76, FALSE), "") | C70: =IF(SUM(D70,E70,G70)=0,"",SUM(D70,E70,G70)) | D70: =IFERROR(VLOOKUP($S$1, calc!$A$2:$EJ$500, 78, FALSE), "") | E70: =IFERROR(VLOOKUP($S$1, calc!$A$2:$EJ$500, 80, FALSE), "") | G70: =IFERROR(VLOOKUP($S$1, calc!$A$2:$EJ$500, 82, FALSE), "") | H70: =IFERROR(VLOOKUP($S$1, calc!$A$2:$EJ$500, 121, FALSE), "") | J70: =IFERROR(VLOOKUP($S$1, calc!$A$2:$EJ$500, 122, FALSE), "") | L70: =IF(OR(D70="",H70="",J70=""), "", ROUND(D70*J70*H70, 4)) | M70: =IF(OR(E70="",H70="",J70=""), "", ROUND(E70*J70*H70*0.75, 4)) | N70: =IF(OR(G70="",H70="",J70=""), "", ROUND(G70*J70*H70*0.65, 4)) | O70: =IFERROR(SUM(L70:N70), "")
A71: 2 | B71: =IFERROR(VLOOKUP($S$1, calc!$A$2:$EJ$500, 77, FALSE), "") | C71: =IF(SUM(D71,E71,G71)=0,"",SUM(D71,E71,G71)) | D71: =IFERROR(VLOOKUP($S$1, calc!$A$2:$EJ$500, 79, FALSE), "") | E71: =IFERROR(VLOOKUP($S$1, calc!$A$2:$EJ$500, 81, FALSE), "") | G71: =IFERROR(VLOOKUP($S$1, calc!$A$2:$EJ$500, 83, FALSE), "") | H71: =IFERROR(VLOOKUP($S$1, calc!$A$2:$EJ$500, 123, FALSE), "") | J71: =IFERROR(VLOOKUP($S$1, calc!$A$2:$EJ$500, 124, FALSE), "") | L71: =IF(OR(D71="",H71="",J71=""), "", ROUND(D71*J71*H71, 4)) | M71: =IF(OR(E71="",H71="",J71=""), "", ROUND(E71*J71*H71*0.75, 4)) | N71: =IF(OR(G71="",H71="",J71=""), "", ROUND(G71*J71*H71*0.65, 4)) | O71: =IFERROR(SUM(L71:N71), "")
J72: TOTAL | L72: =SUM(L68:L71) | M72: =SUM(M68:M71) | N72: =SUM(N68:N71) | O72: =SUM(O68:O71) | P72: =IFERROR(VLOOKUP($S$1, 'All Collected Data'!$A$2:$CR$500, 77, FALSE), "") | R72: =SUM(R68:R71)
B73: TOTAL GW Application /Draft/Yield (2a+2b+2c) | J73: TOTAL | L73: =L59+L66+L72 | O73: =O59+O66+O72 | P73: =IFERROR(VLOOKUP($S$1, 'All Collected Data'!$A$2:$CR$500, 78, FALSE), "") | R73: =R59+R66+R72
A74: F | B74: Geological Formation | D74: Deccan Trap | L74: (Mention Name of Geological Formation)
A75: 1 | C75: Lithological section observed in well (w.r.t.G.L.) | J75: Sketctch of the well site
A76: GL | C76: Lithology | J76: (mention the direction of fractures/dyke/inflows, etc)
A77: 0 | J77: N
A91: 2 | B91: Mention the Depth of Inflows observed in the Well (m.bgl)
A92: G | B92: Wells in nearest (up to 200 m) periphery : No
A93: Sr.No. | B93: Date | C93: Use of well | K93: Name of owner
K94: -
A97: H | B97: Any other Observations and Recommendations
A98: I | B98: Signature
B99: Name of Geologist | D99: V.N. Nimbalkar
D100: (Reporting officer) | J100: (Verifying officer-senior Geologist)
G224: 1.6

Sheet PWS
L1: Technical Form No.GSDA/PWS/DW/2025 | R1: Select Sr.No. -> | S1: 1
A2: PWS Dug well Inventory form
A3: 1 | B3: Name of Geologist | H3: 2 | I3: Designation
A4: 3 | B4: Date of Inventory (DD/MM/YY) | F4: 4 | G4: Time (24 Hrs format) | J4: 5 | K4: Project/Assignment for which Inventory is being done
A5: A | B5: Well Location details
A6: 1 | B6: Well No. (Sequence No. in the 10K sheet) | F6: 2 | G6: Type of well (DW/DCB) | K6: 3 | L6: Altitude (m.MSL) | N6: GL | P6: MP | Q6: =O6+P36
A7: 4 | B7: Name of Village in whose area the well is Located | K7: 5 | L7: Village Census No.
A8: 6 | B8: Taluka Name | F8: 7 | G8: District Name | K8: 8 | L8: Mini Watershed No.
A9: 9 | B9: SOI Toposheet No. | F9: 10 | G9: 10 K Sheet No. | K9: 11 | L9: Quadrant No.of 10K Sheet (EX-A1)
A10: 12 | B10: Latitude(DMS) | F10: 13 | G10: Longitude(DMS) | K10: 14 | L10: Gat/Survey No.
B11: Latitude (DMS) | C11: 18.161307 | D11: =INT((C10-INT(C10))*60) | E11: =((C10-INT(C10))*60-INT((C10-INT(C10))*60))*60 | G11: Longitude (DMS) | H11: 76.389438 | I11: =INT((H10-INT(H10))*60) | J11: =((H10-INT(H10))*60-INT((H10-INT(H10))*60))*60
A12: 15 | B12: Well ID (Census no+Lat+long+type of well | G12: =O7&C10&H10&H6
A13: 16 | B13: Whether the well is located in command area of any surface water reservoir (projects) (if yes mention the following details)
B14: Name of the Reservour (project) | J14: Type (major/medium/mionr/PT)
B15: Distance and Direction of reservoir from the well | J15: Name of the nearest Canal of the project
B16: Distance and Direction of the Canal from the well | J16: Nature of operartion of Canal (Seasonal/perennial)
A17: B1 | B17: Village Water Supply Details (Applicable for Domestic or PWS Well)
A18: 1 | B18: Name of Village to which water is supplied (Owner of PWS Well)
A19: 2 | B19: G.P.Name | G19: Taluka | K19: 4 | L19: District Name
A20: 5 | B20: Distance and Direction of Village from Water Supply Well
A21: 6 | B21: Storage Capacity of ESR/GSR (Cum) | K21: =(((G22*1.28)*55)/1000)/2
A22: 7 | B22: Population covered | H22: Water requirement in m3per day (@55 lpcd) | O22: =((G22*1.28)*55)/1000 | R22: =G22*1.28
A23: 8 | B23: Cattles covered | G23: =G22*0.2 | H23: Water requirement in m3per day (@30 lpcd) | O23: =(G23*30)/1000
A24: 9 | B24: Status of Use(Perennial/Seasonal(mention month upto which it sustains) | K24: Perennial
A25: 10 | B25: Dependency of Source (in %) If not 100% mention other means of supply | K25: 1
A26: 11 | B26: Quality of water (Potable/Non potable)(R) | K26: Potable
A27: B2 | B27: Industry Water Supply Details (Applicable for Industrial Well)
A28: 1 | B28: Name of Industry to which water is supplied (Owner of Well) | K28: -
A29: 2 | B29: Distance and Direction of Industry from Water Supply Well | K29: -
A30: 3 | B30: Storage Capacity of ESR/GSR (Cum) | K30: -
A31: 4 | B31: Use of water for (Drinking/Industrial/Other) | K31: -
A32: 5 | B32: Water utilisation/Requirement in m3per day | K32: -
A33: 6 | B33: Status of Use(Perennial/Seasonal(mention month upto which it sustains) | K33: -
A34: 7 | B34: Quality of water (Potable/Non potable)(R) | K34: -
A35: C | B35: Well Dimensions :
A36: 1 | B36: Measurement point (MP) (e.g. on GL/Parapet due N40 | K36: 2 | L36: Height of Parapet (m.bgl)
A37: 3 | B37: Inner Diameter of Dug Well (DW) in m. | H37: Top | K37: Bottom | O37: Effective
A38: 4 | B38: Lining/Curbing Material (Brick/RCC/Stone pitching | K38: 5 | L38: Depth of Lining (m.bgl)
A39: 6 | B39: Condition of Well and Lining | K39: 7 | L39: Year of Construction
A40: 8 | B40: Depth of Dug Well (DW) m.bgl | H40: 18 | I40: Depth of Inwell Borehole from bottom of well (m) | P40: -
A41: 10 | B41: Total Depth of Dug Cum Borewell (=Depth of DW+Depth of Inwell Borehole) if Applicable (in m.bgl) | P41: -
A42: D | B42: Groundwater level and Pumping details
A43: 1 | B43: Pump type (Monoblock/Open well submersible) | J43: 2 | K43: Mode of Power (Electric/Solar)
A44: 3 | B44: HP of pump | F44: 4 | H44: Winter | L44: m.bgl | M44: Summer | Q44: m.bgl
A45: 5 | B45: Depth of pump inlet | H45: Winter | L45: m.bgl | M45: Summer | Q45: m.bgl
A46: 6 | B46: Diameter of Pipe(mm) | D46: Suction pipe | G46: 50.5 | H46: Delivery pipe | K46: 63.5 | M46: Delivery pipe material | P46: HDPE
A47: 7 | B47: Pump discharge (m3/hour) | H47: Method Used For Discharge measurement | O47: Adhoc
A48: 8 | B48: Depth to Pumped groundwater level (DWL) | H48: m.bgl | I48: mention depth to groundwater level at the time of measurment)
A49: 9 | B49: Depth to Static groundwater level (SWL) (Reported R for previous season) | G49: Winter | I49: m.bgl | J49: Summer | M49: m.bgl | N49: Annual Water Level fluctuation (m) | Q49: =L49-H49
A50: 10 | B50: Depth to Pumped groundwater level (PWL) | G50: Winter | I50: m.bgl | J50: summer | M50: m.bgl | N50: (DWL just before pumping stopped) mention R if reported (e.g.10 (R))
A51: 11 | B51: Drawdown (D/D) (PWL - SWL) | G51: Winter | J51: m. | L51: Summer | P51: m.
A52: 12 | B52: Duration of Pumping | G52: Winter | J52: Hrs | L52: Summer | P52: Hrs
A53: 13 | B53: Quantity of water pumped | G53: Winter | J53: M3 | L53: Summer | P53: m3
A54: 14 | B54: Volume of water Pumped from Storage | G54: Winter | J54: M3 | L54: Summer | P54: m3
A55: 15 | B55: Avg. Rate of Inflow during pumping | G55: Winter | J55: M3/Hr | L55: Summer | P55: M3/Hr
A56: 16 | B56: Time required for complete recuperation | G56: Winter | J56: Hrs | L56: Summer | P56: Hrs
A57: E | B57: Well Performance
B58: Seasons | G58: Pump Discharge | H58: Pumping Hrs/Day | J58: Operating Days | L58: GW applied (M3) | N58: GW applied (Ham)
B59: 1 | G59: 2 | H59: 3 | J59: 4 | L59: 5 | N59: 6
A60: 1 | B60: Mid June-September (Rainy season)
A61: 2 | B61: October-December (Winter)
A62: 3 | B62: Rabbi (Jan-March)
A63: 4 | B63: Summer (April-Mid June)
A65: F | D65: Deccan Trap | L65: (Mention Name of Geological Formation)
A66: 1 | C66: Lithological section observed in well (w.r.t.G.L.) | J66: Sketctch of the well site
A67: GL | C67: Lithology | J67: (mention the direction of fractures/dyke/inflows, etc)
A68: 0
A82: 20.4 | B82: Mention the Depth of Inflows observed in the Well (m.bgl)
A83: G | B83: Wells in nearest (up to 200 m) periphery : No
A84: Sr.No. | B84: Well Type | C84: Use of well | E84: Distance and direction from well in observation (say 50 m due N 50 E) | K84: Name of owner
F85: 200m | K85: -
A88: H | B88: Any other Observations and Recommendations
A89: 1 | B89: Signature
B90: Name of Geologist | D90: V.N. Nimbalkar
D91: (Reporting officer) | J91: (Verifying officer-senior Geologist)

Sheet calc
A1: Sr.No. | B1: Date | C1: Time | D1: Geologist Name | E1: Mapsheetno | F1: well no | G1: Type of well | H1: Well Owner | I1: District Name | J1: Taluka Name | K1: Gp Name | L1: Village Name | M1: Cencess no | N1: Toposheet no | O1: mini watershed | P1: Population | Q1: LatLong | R1: Altitude | S1: Gat no | T1: Qurdant | U1: Measuring Point | V1: Parapet (m) | W1: Diameter (m) | X1: effec. Dia | Y1: Depth | Z1: Curbing (m) | AA1: Type of curbing | AB1: Year of Construction | AC1: DwL | AD1: Winter (SWL) | AE1: Summer (SWL) | AF1: Type of Pump | AG1: Mode of Power | AH1: HP | AI1: Winter pumping hrs | AJ1: Summer pumping hrs | AK1: winter T req recuperation | AL1: Summer T req recuperation | AM1: Project Irri(PT/MInor) | AN1: Distance | AO1: Canal | AP1: Distance c | AQ1: Cultivable land (Ha) | AR1: Kharif Crop1 | AS1: Kharif Crop2 | AT1: Kharif Crop3 | AU1: Kharif Crop land Flood (Ha)1 | AV1: Kharif Crop land Flood (Ha)2 | AW1: Kharif Crop land Flood (Ha)3 | AX1: Kharif Crop land Sprinkler (Ha)1 | AY1: Kharif Crop land Sprinkler (Ha)2 | AZ1: Kharif Crop land Sprinkler (Ha)3 | BA1: Kharif Crop land Drip (Ha)1 | BB1: Kharif Crop land Drip (Ha)2 | BC1: Kharif Crop land Drip (Ha)3 | BD1: Rabbi Crop1 | BE1: RabbiCrop2 | BF1: Rabbi Crop3 | BG1: Rabbi Crop land Flood (Ha)1 | BH1: Rabbi Crop land Flood (Ha)2 | BI1: Rabbi Crop land Flood (Ha)3 | BJ1: Rabbi Crop land Sprinkler (Ha)1 | BK1: Rabbi Crop land Sprinkler (Ha)2 | BL1: Rabbi Crop land Sprinkler (Ha)3 | BM1: Rabbi Crop land Drip (Ha)1 | BN1: Rabbi Crop land Drip (Ha)2 | BO1: Rabbi Crop land Drip (Ha)3 | BP1: Perennial Crop 1 | BQ1: Perennial Crop 2 | BR1: Perennial Crop 1 Flood land (Ha) | BS1: Perennial Crop 2 Flood land (Ha) | BT1: Perennial Crop 1 Sprinkler land (Ha) | BU1: Perennial Crop 2 Sprinkler land (Ha) | BV1: Perennial Crop 1 Drip land (Ha) | BW1: Perennial Crop 2 Drip land (Ha) | BX1: Summer Crops 1 | BY1: Summer Crops 2 | BZ1: Summer Crop Flood 1 land (Ha) | CA1: Summer Crop Flood 2 land (Ha) | CB1: Summer Crop Sprinkler 1 land (Ha) | CC1: Summer Crop Sprinkler 2 land (Ha) | CD1: Summer Crop Drip 1 land (Ha) | CE1: Summer Crop Drip 2 land (Ha) | CF1: Photo | CG1: Litho 1 | CH1: Depth Litho 1 | CI1: Litho 2 | CJ1: Depth Litho 2 | CK1: Litho 3 | CL1: Depth Litho 3 | CM1: Litho4 | CN1: Depth Litho4 | CO1: Litho 5 | CP1: Depth Litho 5 | CQ1: nearest well | CR1: Remarks | CS1: Perennial 1 Kharif Waterings | CT1: Perennial 1 Kharif Depth (m) | CU1: Perennial 2 Kharif Waterings | CV1: Perennial 2 Kharif Depth (m) | CW1: Kharif 1 Waterings | CX1: Kharif 1 Depth (m) | CY1: Kharif 2 Waterings | CZ1: Kharif 2 Depth (m) | DA1: Kharif 3 Waterings | DB1: Kharif 3 Depth (m) | DC1: Perennial 1 Rabi Waterings | DD1: Perennial 1 Rabi Depth (m) | DE1: Perennial 2 Rabi Waterings | DF1: Perennial 2 Rabi Depth (m) | DG1: Rabi 1 Waterings | DH1: Rabi 1 Depth (m) | DI1: Rabi 2 Waterings | DJ1: Rabi 2 Depth (m) | DK1: Rabi 3 Waterings | DL1: Rabi 3 Depth (m) | DM1: Perennial 1 Summer Waterings | DN1: Perennial 1 Summer Depth (m) | DO1: Perennial 2 Summer Waterings | DP1: Perennial 2 Summer Depth (m) | DQ1: Summer 1 Waterings | DR1: Summer 1 Depth (m) | DS1: Summer 2 Waterings | DT1: Summer 2 Depth (m)

Sheet All Collected Data
A1: Sr. No. | B1: Smart Hydro-Geo ID | C1: Survey Category | D1: Date | E1: Time | F1: Geologist Name | G1: Designation | H1: Project Assignment | I1: Well Seq No | J1: Well Type | K1: Well Owner | L1: District Name | M1: Taluka Name | N1: Gp Name | O1: Village Name | P1: Census No | Q1: Toposheet no | R1: mini watershed | S1: Mapsheetno | T1: Qurdant | U1: Gat no | V1: Lat (Degree Decimal) | W1: Long (Degree Decimal) | X1: Altitude GL (m) | Y1: Measuring Point | Z1: Parapet (m) | AA1: Diameter Top (m) | AB1: Diameter Bottom (m) | AC1: effec. Dia (m) | AD1: Type of curbing | AE1: Curbing (m) | AF1: Well Condition | AG1: Year of Construction | AH1: Depth (m) | AI1: Depth of Inwell BW (m) | AJ1: Type of Pump | AK1: Mode of Power | AL1: HP | AM1: Winter Pump Setting (m) | AN1: Summer Pump Setting (m) | AO1: Winter Pump Inlet (m) | AP1: Summer Pump Inlet (m) | AQ1: Discharge (m3/hr) | AR1: Discharge Method | AS1: Kharif Pumping Daily Hrs | AT1: Winter pumping hrs | AU1: Summer pumping hrs | AV1: DwL (m) | AW1: Winter (SWL) (m) | AX1: Winter (PWL) (m) | AY1: Winter Drawdown (m) | AZ1: Winter Qty Pumped (m3) | BA1: Winter Vol Storage (m3) | BB1: Winter Inflow Rate (m3/hr) | BC1: winter T req recuperation (hrs) | BD1: Summer (SWL) (m) | BE1: Summer (PWL) (m) | BF1: Summer Drawdown (m) | BG1: Summer Qty Pumped (m3) | BH1: Summer Vol Storage (m3) | BI1: Summer Inflow Rate (m3/hr) | BJ1: Summer T req recuperation (hrs) | BK1: Annual Fluctuation (m) | BL1: Project Irri(PT/Minor) | BM1: Reservoir Type | BN1: Reservoir Distance & Direction | BO1: Canal | BP1: Canal Distance & Direction | BQ1: Canal Operation Status | BR1: PWS Population | BS1: PWS Cattle Count | BT1: PWS Human Water Req (m3/day) | BU1: PWS Cattle Water Req (m3/day) | BV1: PWS Storage Capacity Req (m3) | BW1: Cultivable land (Ha) | BX1: Kharif Season Total Days (P59) | BY1: Rabi Season Total Days (P66) | BZ1: Summer Season Total Days (P72) | CA1: Grand Total Season Days (P73) | CB1: Kharif GW Draft (Ham) | CC1: Rabi GW Draft (Ham) | CD1: Summer GW Draft (Ham) | CE1: Total GW Draft (Ham) | CF1: Litho 1 | CG1: Depth Litho 1 (m) | CH1: Litho 2 | CI1: Depth Litho 2 (m) | CJ1: Litho 3 | CK1: Depth Litho 3 (m) | CL1: Litho 4 | CM1: Depth Litho 4 (m) | CN1: Litho 5 | CO1: Depth Litho 5 (m) | CP1: Inflow Zone Depth (m) | CQ1: nearest well | CR1: Photo | CS1: Remarks | CT1: Total Kharif Cropped Area (Ha) | CU1: Total Rabi Cropped Area (Ha) | CV1: Total Summer Cropped Area (Ha) | CW1: Total Cropped Area (Ha) | CX1: Perennial Crop 1 | CY1: Perennial 1 Flood (Ha) | CZ1: Perennial 1 Sprinkler (Ha) | DA1: Perennial 1 Drip (Ha) | DB1: Perennial Crop 2 | DC1: Perennial 2 Flood (Ha) | DD1: Perennial 2 Sprinkler (Ha) | DE1: Perennial 2 Drip (Ha) | DF1: Kharif Crop 1 | DG1: Kharif 1 Flood (Ha) | DH1: Kharif 1 Sprinkler (Ha) | DI1: Kharif 1 Drip (Ha) | DJ1: Kharif Crop 2 | DK1: Kharif 2 Flood (Ha) | DL1: Kharif 2 Sprinkler (Ha) | DM1: Kharif 2 Drip (Ha) | DN1: Kharif Crop 3 | DO1: Kharif 3 Flood (Ha) | DP1: Kharif 3 Sprinkler (Ha) | DQ1: Kharif 3 Drip (Ha) | DR1: Rabi Crop 1 | DS1: Rabi 1 Flood (Ha) | DT1: Rabi 1 Sprinkler (Ha) | DU1: Rabi 1 Drip (Ha) | DV1: Rabi Crop 2 | DW1: Rabi 2 Flood (Ha) | DX1: Rabi 2 Sprinkler (Ha) | DY1: Rabi 2 Drip (Ha) | DZ1: Rabi Crop 3 | EA1: Rabi 3 Flood (Ha) | EB1: Rabi 3 Sprinkler (Ha) | EC1: Rabi 3 Drip (Ha) | ED1: Summer Crop 1 | EE1: Summer 1 Flood (Ha) | EF1: Summer 1 Sprinkler (Ha) | EG1: Summer 1 Drip (Ha) | EH1: Summer Crop 2 | EI1: Summer 2 Flood (Ha) | EJ1: Summer 2 Sprinkler (Ha) | EK1: Summer 2 Drip (Ha)

Sheet MRSAC Format
A1: Sr. No. | B1: Taluka | C1: Village | D1: Owner Name | E1: Date of Survey | F1: Type of Well (DW/DCB/BW/TW) | G1: Gat No. | H1: 10K Sheet Quadrant | I1: Lat (Degree Decimal) | J1: Long (Degree Decimal) | K1: Depth bgl (M.) | L1: Dia (mm.) | M1: Curving (M.) | N1: Depth of Inwell BW (M.) | O1: Static Water Level (M.) Oct. | P1: May | Q1: At the time of visit | R1: Well Yield Ham. Khariff | S1: Rabbi | T1: Summer | U1: Total | V1: Well status Perennial/Seasonal | W1: Surveyed by | X1: Remark | Y1: 10K Sheet No.
